Kjördæmi,fixed,min_adj,max_adj,M,C,L,KD,S,V,MP,SD,FI,AFS,ANARKIST,ANDOPART,BASINKOM,BJORNPAR,CSIS,DIREKTDE,DMDP,EAE,ENHET,EP,ERRAEDPE,EVAA,FDP,FF,FP,FPA2,FRAMTIDS,FREDSPAR,FRIHETSR,FS,FV,FW,GD,GV,HDH,INVANDRA,JM,KA,KLIMATAL,KLP,KNAPPTRY,KSP,KV,KÄRLEK,LO,MAJSPART,MOD,MONISTER,MR,MS,MS2,NATURFIL,NATURIST,ND,NEOTEKNO,NFDFVN,NM,NRN,NRP,NS,NTTS,OK,OKP,PAX,PF,PF2,PIRATPAR,PN,PS,PSP,PV,REFORMPA,SKP,SKS,SKÅNEPAR,SNOF,SOCIALLI,SR,SUUEFRF,SV,SVENSKAR,SVERIGEP,SWEXITPA,TRYGGHET,VALSAMVE,VS,YGGDRASI,ÄPR
Party names,,,,Moderaterna,Centerpartiet,Liberalerna (tidigare Folkpartiet),Kristdemokraterna,Arbetarepartiet-Socialdemokraterna,Vänsterpartiet,Miljöpartiet de gröna,Sverigedemokraterna,Feministiskt initiativ,Alternativ för Sverige,ANARKISTERNA,ANDOPARTIET,Basinkomstpartiet,Bjornpartiet,Common sense in Sweden,Direktdemokraterna,Det minst dåliga partiet,Europeiska Arbetarpartiet-EAP,Enhet,Enad Politik,Eropean radical reflektion a european dream party ERR,En Vis Avskaffar Asylrätten!,Förenade Demokratiska Partiet,FAMILJENS FRIHET,Fattigmans parti,FN Parti art.27,FramtidsTro,Fredspartiet,Frihetsrörelsen,Företaget Sverige,Fritt val,Fria Wermland,GRÖNA DEMOKRATER,Gula västarna,Humanistisk demokrati (HD),Invandrarpartiet,John Mikkonen,Kalle ankapartiet,Klimatalliansen,Klassiskt liberala partiet,Knapptryckarna,KSP,Kristna Värdepartiet,Kärlek,Landsbygdspartiet Oberoende,Majspartiet,MoD,Monisterna,Min röst,Medborgerlig Samling,MITT SVERIGE,NaturFilosoferna,Naturistpartiet,Ny Demokrati,Neoteknokraterna,Nu får det fan vara nog,Nordiska motståndsrörelsen,NY REFORM (NR),Nationalsocialistiska reformistiska Partiet,Nya Samhällspartiet,Nix to the Six,OK,Ond Kyckling Partiet,Pax,Partiet Frihet,Partiet Folkomröstning,Piratpartiet,Partiet Nyans,Politiskt Skifte,Positivt Samhällsinitiativ (PSI),Partiet Vändpunkt,Reformpartiet,SKP,Stram Kurs Sverige,SKÅNEPARTIET,Stora Norrlands oberoende Frihetsparti,Sociallibertarianerna,Svenska Rikslagen,Sverige ut ur EU/Frihetliga Rättvisepartiet (FRP),Socialisterna-Välfärdspartiet,SVENSKARNA,Sverigepartiet,Swexitpartiet,TRYGGHETSPARTIET,Valsamverkanspartiet,Volt Sverige,Yggdrasil,Ändrings partiet revolution
Max adj seats,,,39,,,,,,,,,,,,,,,,,,,,,,,,,,,,,,,,,,,,,,,,,,,,,,,,,,,,,,,,,,,,,,,,,,,,,,,,,,,,,,,,,,,,,,,,
Stockholms kommun,29,0,,115706,51437,41663,19227,170308,71171,60791,64730,461,1310,1,0,39,0,0,206,1,5,98,0,0,1,1,5,1,0,0,0,2,2,0,0,0,0,0,0,0,11,251,56,339,0,375,0,27,0,610,0,1,1760,0,0,0,1,0,0,53,14,0,0,1,1,8,0,17,1,1172,4634,2,0,34,2,148,15,6,0,0,3,12,13,1,1,0,0,2,15,0,0
Stockholms län,40,0,,197466,60776,48949,40207,223056,51623,42284,144315,394,2047,1,4,20,0,0,235,0,5,127,1,0,0,6,4,2,0,1,1,1,0,0,0,0,1,0,0,1,15,226,33,646,0,750,2,83,0,798,0,1,2184,0,0,0,0,0,1,70,32,0,0,0,0,3,2,13,0,1420,4253,0,0,73,1,296,24,3,0,0,1,24,19,0,0,0,0,0,12,0,0
Uppsala län,12,0,,45457,18040,12465,14766,72499,19543,16750,45237,146,630,1,0,38,0,0,92,1,0,45,0,0,0,0,1,0,0,0,0,0,0,2,0,1,0,0,0,0,12,64,11,224,1,257,0,202,0,166,0,0,587,0,0,0,0,0,0,40,0,0,0,0,0,1,0,7,0,384,932,0,0,36,0,107,10,0,0,0,2,3,124,0,0,0,0,1,4,0,1
Södermanlands län,9,0,,35513,10989,6643,8772,60891,9605,7409,42547,87,508,0,0,4,0,0,49,0,1,50,0,0,0,0,0,0,0,0,0,0,0,1,0,0,0,0,0,1,2,28,8,144,0,138,0,40,0,139,0,0,309,0,0,0,1,0,0,27,0,0,0,0,0,0,1,0,1,204,729,1,1,10,0,20,3,1,0,0,0,0,5,0,0,0,0,0,0,0,0
Östergötlands län,14,0,,59623,19479,13271,17943,91837,16884,13917,63733,112,749,1,0,12,2,1,82,1,0,88,0,0,0,42,0,0,0,0,0,1,0,0,0,0,0,0,0,0,7,91,15,249,0,186,1,186,0,237,0,0,630,0,0,0,0,0,0,28,0,0,0,0,0,1,0,3,0,503,582,0,0,16,0,21,4,0,0,0,0,5,52,0,0,1,0,0,4,0,0
Jönköpings län,11,0,,42913,17078,8480,21326,66568,9069,7377,53338,88,558,0,0,2,0,0,47,0,0,41,0,0,0,0,0,0,0,0,0,0,0,0,0,0,0,0,2,0,4,24,7,131,0,563,0,76,1,208,0,0,271,0,0,0,0,0,1,48,0,0,0,0,0,0,0,1,0,223,558,6,0,10,0,9,6,0,0,0,0,12,76,0,0,0,0,1,0,0,2
Kronobergs län,6,0,,24390,7559,3897,8451,38712,6281,4338,29516,44,346,0,0,14,0,0,30,0,0,36,0,0,0,0,0,0,0,0,0,0,0,0,0,0,0,0,0,0,5,15,9,134,0,121,0,73,0,84,0,0,202,0,0,0,0,0,0,17,0,0,0,0,0,0,0,3,0,95,588,1,0,11,0,10,3,0,0,0,0,1,2,0,0,0,0,3,1,0,0
Kalmar län,8,0,,28672,10523,5126,11226,51179,7484,5427,39516,53,464,0,0,5,0,0,41,0,0,45,0,0,0,0,1,0,0,0,0,1,0,1,0,1,0,0,0,0,1,34,6,157,0,196,2,69,0,111,0,0,261,0,0,0,0,0,0,14,0,0,0,0,0,1,1,0,0,202,306,1,0,4,0,18,1,0,0,0,1,8,106,0,0,1,0,0,1,0,0
Gotlands län,2,0,,6969,4858,1169,1645,14361,2642,2683,6504,30,82,0,0,1,0,0,10,0,0,23,0,0,0,0,0,0,0,0,0,0,0,0,0,0,0,0,0,0,0,17,0,46,0,9,0,54,0,53,0,0,42,0,0,0,0,0,0,5,0,0,0,0,0,1,0,0,0,33,5,0,0,7,0,1,0,0,0,0,0,0,209,0,0,0,0,0,0,0,0
Blekinge län,5,0,,18500,5014,3637,5735,32255,4600,3015,29556,37,312,0,0,1,0,0,52,0,0,19,0,0,0,0,0,0,0,0,0,0,0,0,0,0,0,0,0,0,4,18,4,78,0,83,0,25,0,75,0,0,172,0,0,0,0,0,0,12,0,0,0,0,0,0,0,1,0,134,226,0,0,1,0,3,3,0,0,0,2,0,2,0,0,0,0,0,4,0,0
Malmö kommun,10,0,,34313,10546,8706,5753,56789,23986,14386,31433,141,358,0,0,17,0,2,43,0,0,38,0,0,0,1,0,0,0,0,0,0,0,0,0,0,0,0,0,1,8,75,11,107,0,48,1,6,0,151,1,1,383,1,0,0,0,0,0,10,0,0,0,0,0,1,1,1,0,346,4029,1,0,13,0,78,13,162,0,0,2,0,15,0,1,0,59,1,4,0,1
Skåne läns västra,9,0,,37982,9524,8592,9055,52402,8832,6779,55104,68,510,0,0,13,0,0,28,0,0,39,0,0,0,2,0,0,0,0,0,0,0,0,0,0,0,0,0,0,3,39,7,155,0,114,1,32,0,176,0,0,311,16,0,0,0,1,0,26,0,1,0,0,0,1,0,1,0,230,1546,0,0,16,0,24,6,4,0,0,0,25,5,0,0,0,3,0,7,0,0
Skåne läns södra,12,0,,57216,17171,15949,12341,65747,12857,14386,60573,101,667,0,0,12,0,0,50,0,1,54,0,0,0,0,1,0,0,0,0,0,0,0,0,0,0,0,0,0,1,105,32,143,0,98,0,20,1,168,0,0,533,2,0,0,0,0,0,20,0,0,0,0,0,2,0,0,0,397,594,1,0,10,0,54,3,17,0,0,0,15,20,0,1,1,2,0,5,1,0
Skåne läns norra och östra,10,0,,39595,10040,7625,12480,51154,7987,6006,65345,64,592,0,0,13,0,0,34,0,0,68,0,0,0,0,0,0,0,0,0,0,0,0,0,0,0,0,0,0,6,75,6,164,0,193,0,59,0,153,0,0,306,1,1,0,1,0,0,40,0,0,0,0,0,1,0,2,0,228,606,0,0,25,0,56,4,5,0,0,1,17,1,0,0,0,0,0,1,0,0
Hallands län,10,0,,49810,15590,10739,13328,62666,8963,7963,50046,65,548,0,0,3,0,0,80,0,0,48,0,0,0,0,0,0,0,0,0,0,0,0,1,0,0,0,0,0,4,59,6,174,0,176,0,69,0,292,0,0,428,0,0,2,0,0,0,11,0,0,0,0,0,1,0,2,0,150,405,2,0,3,0,23,6,0,0,0,0,3,4,0,0,0,1,0,3,0,1
Göteborgs kommun,17,0,,64157,20343,20317,15170,95980,44602,27485,50889,299,847,0,0,52,0,0,122,1,1,59,0,1,0,72,0,0,0,0,0,0,0,0,0,0,0,0,0,0,15,162,28,254,0,313,0,13,0,417,0,0,785,0,0,0,0,1,1,32,0,0,0,4,0,2,0,7,0,628,3945,1,0,7,0,50,17,0,0,0,0,0,6,0,0,2,0,4,11,0,0
Västra Götalands läns västra,11,0,,50707,15881,13467,15571,69468,14089,12846,52558,149,643,1,0,19,0,0,52,0,0,73,0,0,0,14,0,0,0,0,0,0,0,0,0,0,0,1,0,0,8,80,12,202,0,272,0,20,0,274,0,0,496,0,0,1,0,0,0,25,1,0,0,0,0,1,0,3,0,319,560,3,0,8,0,20,5,1,0,1,0,0,4,0,1,1,0,1,4,0,1
Västra Götalands läns norra,8,0,,30443,9938,6311,10711,54311,8953,6318,44165,103,516,0,0,9,0,0,33,0,0,28,0,0,0,4,1,0,0,0,1,0,0,0,0,0,0,0,0,0,5,50,8,165,0,193,0,48,0,148,0,0,237,0,0,0,0,0,0,39,0,0,0,0,0,1,0,0,0,169,685,0,0,2,0,17,2,0,0,0,0,7,31,0,0,0,0,2,1,0,0
Västra Götalands läns södra,7,0,,26846,10063,5445,9871,41350,7583,5053,33477,54,436,0,0,2,0,0,38,0,0,40,0,0,0,1,1,0,0,0,0,0,0,0,0,1,0,0,0,0,1,19,9,129,0,179,0,71,0,250,0,0,264,0,0,0,0,0,0,16,0,0,0,0,0,2,0,2,0,158,491,1,0,5,0,15,1,0,0,0,0,5,27,0,0,0,0,0,0,0,0
Västra Götalands läns östra,8,0,,32790,11667,5919,12289,55421,7856,5748,42572,78,507,0,0,4,0,0,54,0,0,39,0,0,0,0,0,0,0,0,0,0,0,0,0,0,0,0,0,0,0,33,2,175,0,277,0,50,0,124,0,0,236,1,0,0,0,0,0,25,0,0,0,0,0,0,0,0,0,293,322,0,0,4,4,18,4,0,0,0,0,13,0,0,0,1,0,0,0,0,0
Värmlands län,9,0,,31068,11557,6766,10590,63034,9126,6635,41555,67,463,0,0,13,0,0,53,1,1,32,0,0,0,0,0,0,0,0,0,0,0,0,5,0,0,0,0,0,2,20,12,186,0,123,1,84,0,120,0,0,257,0,0,0,0,0,2,23,0,0,0,0,0,3,0,1,1,207,186,0,0,4,0,22,1,3,0,0,0,2,8,0,0,0,1,0,1,0,0
Örebro län,9,0,,32508,12159,8828,10368,64565,11873,7866,42904,70,527,0,0,6,0,0,44,0,0,34,0,0,0,3,0,0,0,0,0,2,0,0,0,0,0,0,0,0,1,57,10,195,0,265,0,191,0,179,0,0,351,0,0,0,0,0,1,30,0,0,0,0,0,3,0,1,0,305,806,1,0,10,0,11,4,0,0,0,0,2,5,0,0,1,0,0,4,0,0
Västmanlands län,8,0,,32671,9224,7100,8554,54645,10475,5465,40415,69,407,0,0,5,0,0,43,0,1,34,0,0,0,0,0,0,0,0,0,0,0,0,0,0,0,0,0,0,7,18,3,170,0,144,0,78,0,139,0,0,313,0,0,0,1,1,1,43,0,0,0,0,0,2,0,3,0,182,443,0,0,31,0,44,8,0,0,0,0,3,5,0,0,0,0,0,2,0,0
Dalarnas län,9,0,,30664,12131,5786,11231,59080,9937,7087,47931,85,537,0,0,36,0,0,45,0,0,57,0,0,0,5,0,0,0,0,0,1,0,0,0,0,0,0,0,0,6,46,6,434,0,155,0,116,0,232,0,0,325,0,0,0,0,0,0,68,0,0,0,0,0,2,0,5,0,196,237,0,0,11,0,44,4,1,0,0,0,5,92,0,0,0,0,0,1,0,0
Gävleborgs län,9,0,,29661,11405,5462,9303,63415,10783,6308,43994,55,498,0,0,12,0,6,47,0,0,39,0,0,0,0,0,0,0,0,0,0,0,0,0,0,0,0,0,0,4,22,11,177,0,121,0,131,0,178,0,0,280,0,0,1,0,0,0,20,0,0,0,0,0,0,0,1,0,184,377,0,0,41,0,21,2,0,0,0,0,0,26,0,0,0,0,0,1,1,0
Västernorrlands län,8,0,,22176,11822,4348,8591,62562,9123,5437,32829,50,488,0,0,5,0,0,42,0,0,33,0,0,0,0,0,0,0,0,0,0,0,0,0,1,0,0,0,0,5,12,4,171,0,148,0,134,0,152,0,0,228,0,0,0,0,0,1,44,0,0,1,0,0,0,0,2,0,192,87,0,0,3,0,12,1,0,0,0,0,0,17,0,0,0,0,0,1,0,1
Jämtlands län,4,0,,12574,7771,2244,4574,30666,4749,4269,17097,34,247,0,0,1,0,0,23,0,0,21,0,0,0,0,1,0,0,0,0,0,0,0,0,0,0,0,0,0,2,19,8,106,0,48,0,97,0,116,0,0,143,0,0,0,0,0,0,9,0,0,0,0,0,0,0,0,0,140,46,0,0,2,0,8,1,0,1,0,0,5,0,0,0,2,0,0,0,0,0
Västerbottens län,8,0,,25121,13827,5544,8368,72318,15097,9653,25666,85,415,0,0,8,0,0,54,1,0,22,0,0,0,2,0,0,0,0,0,0,0,0,0,0,0,0,0,0,3,19,9,110,0,220,0,68,0,169,0,0,354,0,0,0,0,0,0,20,0,0,0,0,0,1,0,0,0,226,113,0,0,17,0,12,2,0,0,1,5,4,6,0,0,0,0,1,2,0,0
Norrbottens län,8,0,,21917,8533,4094,8266,67235,11277,5561,32780,68,434,1,0,8,0,1,26,0,0,26,0,0,0,4,1,0,1,0,0,0,0,0,0,0,0,0,0,0,2,24,11,128,0,218,0,93,0,158,0,0,234,0,0,0,0,0,0,32,0,0,0,0,0,1,0,0,0,215,61,1,0,5,0,19,3,3,0,0,0,3,12,0,0,0,0,0,0,0,0
